case,hour_of_year,season,u_mean_ms,u_prime_ms,u_total_ms,theta_deg,omega_rad_s,rotor_rpm,cp_effective,aero_torque_nm,generator_torque_nm,electrical_power_kw,hourly_energy_kwh,mean_ring_vrel_ms,peak_ring_vrel_ms,peak_sector_deg,particle_capture_fraction,particle_mean_h,domega_dt
cut_in_edge,3793,Habagat,2.12508013104513,0.375166155331098,2.50024628637623,240.4,5.66003665694623,54.0493687220591,0.314396924687758,1.68065825363901,1.11653976527887,0.00691645489174805,0.00691645489174804,4.62196565473876,6.74523543415944,300,0.933333333333333,5.66073082917831,-0.00149935937556675
typical_operating,6516,Habagat,3.41075361032744,0.546445248277393,3.95719885860483,261,13.6713106304633,130.55139992298,0.257111190036913,4.4382404734219,3.48826199207064,0.0354579191459573,0.0354579191459573,10.6389853680624,14.2102469561597,280,1,9.75845680662927,0.00181920325682914
design_operating,8534,Amihan,6.09897997609953,-0.0621610667719403,6.03681890932759,1.9,23.0383461263252,220,0.133183639426988,7.25509815651964,0,0,0,17.8101942235511,23.3131187620153,180,0.944444444444444,30.2757789260176,0
upper_speed_case,1476,Transition_DryDown,7.15089464096687,-0.342034717696707,6.80885992327017,24.3,23.0383461263252,220,0.16468014837903,9.67813693346869,0,0,0,17.9563129490571,24.0872550060537,155,1,12.9431251369868,0
