season,mean_wind_15m_ms,p90_wind_15m_ms,mean_rotor_rpm,mean_aero_torque_nm,mean_capture_fraction,mean_h
Amihan,4.15526584186351,6.27429908691075,72.0778484837401,4.3172017372821,0.771030092592592,8.16471144329916
Transition_DryDown,3.66917990832876,5.82696971932575,91.5474242244522,3.35179905901892,0.828341384863124,9.43344476563405
Habagat,3.33313883259043,4.96949988644904,86.3115435234216,2.90591793399377,0.833154978749241,8.77875248898651
Transition_Rampup,2.80584840850924,4.27459868359728,74.4010424003736,2.06846079595594,0.848282556750299,7.50588646137762
