case,hour_of_year,season,u_mean_ms,u_prime_ms,u_total_ms,theta_deg,omega_rad_s,rotor_rpm,cp_effective,aero_torque_nm,generator_torque_nm,electrical_power_kw,mean_ring_vrel_ms,peak_ring_vrel_ms,peak_sector_deg,particle_capture_fraction,particle_mean_h
cut_in_edge,3793,Habagat,2.1250801310451326,0.37516615533109765,2.50024628637623,240.4,5.291593114570652,50.53099206089745,0.29867921689418636,1.737083377187621,1.519359296754029,0.007235848073936277,4.373404124293676,6.468903742113611,300.0,0.05555555555555555,-5.500072185319845
typical_operating,6516,Habagat,3.4107536103274376,0.5464452482773927,3.9571988586048303,261.0,15.574496852330235,148.72548961305128,0.27272544168479057,3.114899370466047,0.0,0.0,12.018499919631228,15.637621303610782,280.0,0.5111111111111111,0.8056716505178169
design_operating,8534,Amihan,6.098979976099531,-0.06216106677194033,6.03681890932759,1.9,0.0,0.0,0.0,7.25509815651964,0.0,0.0,6.036818909327592,6.036818909327591,0.0,0.5666666666666667,0.02239783042737523
upper_speed_case,1476,Transition_DryDown,7.150894640966872,-0.3420347176967068,6.808859923270165,24.3,23.038346126325152,220.0,0.3344095596998958,9.298913134187233,0.0,0.0,17.95631294905712,24.08725500605372,155.0,0.0,-12.458616922259958
