case,hour_of_year,season,u_mean_ms,u_prime_ms,u_total_ms,theta_deg,omega_rad_s,rotor_rpm,cp_effective,aero_torque_nm,generator_torque_nm,electrical_power_kw,hourly_energy_kwh,mean_ring_vrel_ms,peak_ring_vrel_ms,peak_sector_deg,particle_capture_fraction,particle_mean_h
cut_in_edge,3793,Habagat,2.1250801310451326,0.37516615533109765,2.50024628637623,240.4,5.660036656946227,54.04936872205909,0.31439692468775804,1.6806582536390056,1.1165397652788724,0.006916454891748045,0.006916454891748044,4.621965654738758,6.74523543415944,300.0,0.9333333333333333,5.660730829178312
typical_operating,6516,Habagat,3.4107536103274376,0.5464452482773927,3.9571988586048303,261.0,13.671310630463267,130.55139992298032,0.25711119003691285,4.438240473421899,3.4882619920706412,0.03545791914595726,0.03545791914595725,10.638985368062448,14.210246956159708,280.0,1.0,9.758456806629269
design_operating,8534,Amihan,6.098979976099531,-0.06216106677194033,6.03681890932759,1.9,23.038346126325152,220.0,0.1331836394269876,7.255098156519638,0.0,0.0,0.0,17.810194223551065,23.313118762015282,180.0,0.9444444444444444,30.275778926017615
upper_speed_case,1476,Transition_DryDown,7.150894640966872,-0.3420347176967068,6.808859923270165,24.3,23.038346126325152,220.0,0.1646801483790297,9.678136933468688,0.0,0.0,0.0,17.95631294905712,24.08725500605372,155.0,1.0,12.943125136986762
