case,hour_of_year,season,u_mean_ms,u_prime_ms,u_total_ms,theta_deg,omega_rad_s,rotor_rpm,cp_effective,aero_torque_nm,generator_torque_nm,electrical_power_kw,hourly_energy_kwh,mean_ring_vrel_ms,peak_ring_vrel_ms,peak_sector_deg,particle_capture_fraction,particle_mean_h
cut_in_edge,3793,Habagat,2.1250801310451326,0.37516615533109765,2.50024628637623,240.4,10.00083248091987,95.50091546234282,0.293035648802684,1.2562444230162064,0.4667359849334332,0.004109531100363711,0.004109531100363711,7.710470407264268,10.00082495020737,300.0,0.9777777777777777,8.841621320089205
typical_operating,6516,Habagat,3.4107536103274376,0.5464452482773927,3.9571988586048303,261.0,15.828693884939057,151.15289246859044,0.2984913037796058,3.1148993704660475,1.8454636999949925,0.026246204143491436,0.026246204143491433,12.203645726509924,15.828267241164674,280.0,1.0,14.731089545668642
design_operating,8534,Amihan,6.098979976099531,-0.06216106677194033,6.03681890932759,1.9,23.038346126325152,220.0,0.14870585573870734,7.255098156519638,0.0,0.0,0.0,17.810194223551065,23.313118762015282,180.0,0.9111111111111111,29.831179849538334
upper_speed_case,1476,Transition_DryDown,7.150894640966872,-0.3420347176967068,6.808859923270165,24.3,23.038346126325152,220.0,0.13542731397288643,9.298913134187236,0.0,0.0,0.0,17.95631294905712,24.08725500605372,155.0,1.0,12.815419500474114
