metric,python_value,matlab_value,delta_pct
annual_yield_kwh,294.934546632657,370.547948655068,25.6373500106067
daily_p50_wh,1117.56650442699,1015.19985932895,-9.15978106828845
cp_peak,0.327252864661708,0.329995252373699,0.83800266036657
tsr_opt,2.50011786061277,2.4999916970225,-0.00504630570667168
