metric,python_value,matlab_value,delta_pct
annual_yield_kwh,282.56341398208,299.797238909508,6.09909990984195
daily_p50_wh,1115.92713519525,821.362298382213,-26.3964220891084
cp_peak,0.327252864661708,0.329999562025262,0.839319578269698
tsr_opt,2.50011786061277,2.5,-0.0047142022633407
