metric,python_value,matlab_value,delta_pct
annual_yield_kwh,282.56341398208,370.547948655068,31.1379783507878
daily_p50_wh,1115.92713519525,1015.19985932895,-9.02633090364542
cp_peak,0.327252864661708,0.329995252373699,0.83800266036657
tsr_opt,2.50011786061277,2.4999916970225,-0.00504630570667168
